Day Index,Exportaciones,Importaciones,Comercio total,Balanza comercial,IED
2008,1180,426,1606,754,104.123454
2009,586,355,941,231,-1.96307811
2010,974,337,1311,636,-2.6492432
2011,1286,582,1869,704,7.16600212
2012,1528,440,1968,1088,7.99894741
2013,1770,585,2356,1185,4.73297019
2014,1730,1106,2836,624,15.05982751
2015,1651,681,2332,970,2.9042868
2016,1404,556,1960,848,4.72259034
2017,1511,514,2024,997,6.35926898
2018,1651,479,2130,1172,18.12193383
